{
  "project_info": {
    "project_number": "849731554803",
    "firebase_url": "https://luminous-bazaar-266106.firebaseio.com",
    "project_id": "luminous-bazaar-266106",
    "storage_bucket": "luminous-bazaar-266106.appspot.com"
  },
  "client": [
    {
      "client_info": {
        "mobilesdk_app_id": "1:849731554803:android:d64ab5f51765620ea5d686",
        "android_client_info": {
          "package_name": "com.surveygovt.offline"
        }
      },
      "oauth_client": [
        {
          "client_id": "849731554803-tod51b3dc1tfbpm6hf4gjgfoo6936juj.apps.googleusercontent.com",
          "client_type": 3
        }
      ],
      "api_key": [
        {
          "current_key": "AIzaSyBHIpsN_LZYzbK4c8V_dED4HZ_ibL0xybI"
        }
      ],
      "services": {
        "appinvite_service": {
          "other_platform_oauth_client": [
            {
              "client_id": "849731554803-tod51b3dc1tfbpm6hf4gjgfoo6936juj.apps.googleusercontent.com",
              "client_type": 3
            }
          ]
        }
      }
    }
  ],
  "configuration_version": "1"
}